customer_id,age,Gender,city,locality,employment,annual_salary,existing_loans,cibil_score,is_eligible,age_band,recalculated_Eligibility,salary_band,cibil_band
1,59,F,Chennai,Semi-Urban,Salaried,812493,2,683,N,35-60,N,High,Average
2,49,M,Chennai,Urban,Salaried,1776106,4,862,Y,35-60,Y,High,Good
3,23,F,Delhi,Urban,Student,15918,0,514,N,18-25,N,Low,Poor
4,63,F,Pune,Urban,Retired,16657,2,882,N,60+,N,Low,Good
5,19,F,Hyderabad,Urban,Student,4121,0,553,N,18-25,N,Low,Poor
6,20,M,Pune,Semi-Urban,Student,2143,1,492,N,18-25,N,Low,Poor
7,59,F,Hyderabad,Urban,Salaried,636,0,609,N,35-60,N,Low,Poor
8,39,M,Pune,Urban,Salaried,4787,1,900,N,35-60,N,Low,Good
9,23,F,Pune,Semi-Urban,Student,6751,0,478,N,18-25,N,Low,Poor
10,31,M,Bangalore,Semi-Urban,Self-Employed,8609,0,900,N,25-35,N,Low,Good
11,31,M,Chennai,Semi-Urban,Salaried,6934,0,647,N,25-35,N,Low,Poor
12,44,F,Pune,Urban,Salaried,5943,1,629,N,35-60,N,Low,Poor
13,56,F,Delhi,Urban,Salaried,306,4,649,N,35-60,N,Low,Poor
14,22,M,Pune,Urban,Student,18507,0,479,N,18-25,N,Low,Poor
15,44,M,Mumbai,Urban,Self-Employed,17267,4,731,N,35-60,N,Low,Average
16,23,F,Chennai,Semi-Urban,Self-Employed,792,2,608,N,18-25,N,Low,Poor
17,42,M,Mumbai,Semi-Urban,Salaried,4157,0,763,N,35-60,N,Low,Good
18,22,F,Chennai,Semi-Urban,Salaried,12768,2,650,N,18-25,N,Low,Average
19,18,F,Mumbai,Semi-Urban,Student,3618,1,485,N,18-25,N,Low,Poor
20,64,F,Pune,Urban,Retired,8235,2,548,N,60+,N,Low,Poor
21,50,F,Pune,Semi-Urban,Salaried,6744,4,765,N,35-60,N,Low,Good
22,58,M,Bangalore,Urban,Salaried,7937,2,702,N,35-60,N,Low,Average
23,22,F,Delhi,Urban,Self-Employed,6596,3,844,N,18-25,N,Low,Good
24,19,M,Mumbai,Urban,Student,17968,1,560,N,18-25,N,Low,Poor
25,53,F,Hyderabad,Urban,Salaried,16659,3,671,N,35-60,N,Low,Average
26,32,M,Bangalore,Urban,Salaried,17911,4,694,N,25-35,N,Low,Average
27,42,F,Mumbai,Rural,Salaried,1300460,3,713,N,35-60,N,High,Average
28,64,M,Mumbai,Urban,Retired,10081,0,551,N,60+,N,Low,Poor
29,45,M,Bangalore,Urban,Salaried,8251,3,764,N,35-60,N,Low,Good
30,47,F,Pune,Urban,Salaried,12672,2,663,N,35-60,N,Low,Average
31,62,F,Mumbai,Semi-Urban,Retired,2154,2,689,N,60+,N,Low,Average
32,18,F,Pune,Urban,Student,10876,0,553,N,18-25,N,Low,Poor
33,36,F,Bangalore,Semi-Urban,Salaried,19040,4,747,N,35-60,N,Low,Average
34,35,M,Pune,Urban,Salaried,11252,2,875,N,35-60,N,Low,Good
35,64,F,Chennai,Semi-Urban,Retired,19869,4,752,N,60+,N,Low,Good
36,23,M,Hyderabad,Urban,Self-Employed,9666,4,890,N,18-25,N,Low,Good
37,57,M,Mumbai,Semi-Urban,Salaried,5966,3,698,N,35-60,N,Low,Average
38,23,F,Delhi,Semi-Urban,Student,17531,1,539,N,18-25,N,Low,Poor
39,41,M,Hyderabad,Urban,Salaried,11204,3,700,N,35-60,N,Low,Average
40,29,M,Pune,Urban,Salaried,1000033,3,731,N,25-35,N,High,Average
41,59,M,Mumbai,Urban,Salaried,6952,4,680,N,35-60,N,Low,Average
42,38,M,Pune,Urban,Self-Employed,17767,4,585,N,35-60,N,Low,Poor
43,24,F,Chennai,Urban,Salaried,1297,2,651,N,18-25,N,Low,Average
44,20,F,Bangalore,Semi-Urban,Student,9732,0,497,N,18-25,N,Low,Poor
45,34,F,Mumbai,Urban,Self-Employed,16752,3,820,N,25-35,N,Low,Good
46,29,F,Chennai,Urban,Salaried,7492,1,683,N,25-35,N,Low,Average
47,46,M,Chennai,Urban,Self-Employed,8107,1,697,N,35-60,N,Low,Average
48,22,M,Mumbai,Urban,Self-Employed,17687,2,736,N,18-25,N,Low,Average
49,40,F,Pune,Rural,Salaried,17082,1,805,N,35-60,N,Low,Good
50,48,F,Delhi,Urban,Salaried,14656,2,603,N,35-60,N,Low,Poor
51,25,F,Chennai,Semi-Urban,Student,2581,1,516,N,25-35,N,Low,Poor
52,64,M,Hyderabad,Semi-Urban,Retired,19711,3,766,N,60+,N,Low,Good
53,28,F,Chennai,Semi-Urban,Self-Employed,7014,0,701,N,25-35,N,Low,Average
54,55,F,Delhi,Rural,Unemployed,11889,3,470,N,35-60,N,Low,Poor
55,34,F,Pune,Urban,Salaried,19967,2,740,N,25-35,N,Low,Average
56,37,M,Pune,Rural,Self-Employed,76,2,900,N,35-60,N,Low,Good
57,56,M,Hyderabad,Urban,Salaried,18739,3,795,N,35-60,N,Low,Good
58,60,M,Chennai,Urban,Salaried,10587,2,866,N,60+,N,Low,Good
59,24,M,Pune,Semi-Urban,Salaried,5567,1,615,N,18-25,N,Low,Poor
60,22,M,Delhi,Rural,Salaried,11219,1,883,N,18-25,N,Low,Good
61,26,M,Mumbai,Semi-Urban,Self-Employed,7884,2,774,N,25-35,N,Low,Good
62,62,M,Bangalore,Urban,Retired,1021,2,677,N,60+,N,Low,Average
63,24,M,Bangalore,Urban,Self-Employed,366841,1,608,N,18-25,N,Medium,Poor
64,49,F,Bangalore,Rural,Salaried,2296,2,615,N,35-60,N,Low,Poor
65,38,F,Chennai,Urban,Salaried,12549,2,848,N,35-60,N,Low,Good
66,46,M,Hyderabad,Semi-Urban,Self-Employed,13011,3,765,N,35-60,N,Low,Good
67,64,M,Pune,Semi-Urban,Retired,537068,0,661,N,60+,N,High,Average
68,25,F,Mumbai,Urban,Student,19994,1,523,N,25-35,N,Low,Poor
69,30,M,Delhi,Urban,Self-Employed,10833,3,900,N,25-35,N,Low,Good
70,56,M,Mumbai,Urban,Self-Employed,16483,0,900,N,35-60,N,Low,Good
71,22,M,Delhi,Urban,Student,1968,1,533,N,18-25,N,Low,Poor
72,51,F,Chennai,Rural,Salaried,4538,2,900,N,35-60,N,Low,Good
73,35,F,Bangalore,Urban,Self-Employed,14161,3,753,N,35-60,N,Low,Good
74,28,F,Chennai,Rural,Salaried,15421,2,680,N,25-35,N,Low,Average
75,23,F,Hyderabad,Urban,Student,3173,1,477,N,18-25,N,Low,Poor
76,43,F,Hyderabad,Rural,Salaried,15436,3,850,N,35-60,N,Low,Good
77,60,M,Delhi,Urban,Self-Employed,17152,0,892,N,60+,N,Low,Good
78,25,F,Pune,Urban,Student,14289,1,480,N,25-35,N,Low,Poor
79,36,M,Pune,Urban,Salaried,173,1,832,N,35-60,N,Low,Good
80,38,M,Delhi,Semi-Urban,Salaried,17771,3,576,N,35-60,N,Low,Poor
81,44,F,Hyderabad,Semi-Urban,Self-Employed,7510,2,862,N,35-60,N,Low,Good
82,46,F,Hyderabad,Semi-Urban,Salaried,912,2,835,N,35-60,N,Low,Good
83,45,M,Hyderabad,Urban,Salaried,1581,4,592,N,35-60,N,Low,Poor
84,61,M,Chennai,Urban,Retired,3533,4,772,N,60+,N,Low,Good
85,49,M,Hyderabad,Urban,Salaried,14623,4,546,N,35-60,N,Low,Poor
86,22,F,Mumbai,Urban,Student,2721,0,591,N,18-25,N,Low,Poor
87,21,F,Bangalore,Urban,Salaried,11388,4,587,N,18-25,N,Low,Poor
88,45,F,Hyderabad,Rural,Salaried,18154,0,864,N,35-60,N,Low,Good
89,27,F,Delhi,Rural,Salaried,7709,4,874,N,25-35,N,Low,Good
90,29,F,Bangalore,Rural,Salaried,3351,0,699,N,25-35,N,Low,Average
91,44,M,Chennai,Semi-Urban,Salaried,1878,3,797,N,35-60,N,Low,Good
92,21,F,Delhi,Urban,Salaried,5580,3,658,N,18-25,N,Low,Average
93,64,M,Bangalore,Urban,Retired,18606,2,556,N,60+,N,Low,Poor
94,28,M,Delhi,Urban,Salaried,7417,0,690,N,25-35,N,Low,Average
95,44,M,Chennai,Semi-Urban,Self-Employed,3398,1,811,N,35-60,N,Low,Good
96,31,F,Mumbai,Urban,Salaried,10880,2,824,N,25-35,N,Low,Good
97,37,F,Chennai,Urban,Salaried,1153220,3,747,N,35-60,N,High,Average
98,28,F,Chennai,Urban,Salaried,11884,0,900,N,25-35,N,Low,Good
99,55,M,Delhi,Urban,Salaried,5561,4,800,N,35-60,N,Low,Good
100,55,M,Pune,Rural,Self-Employed,18895,1,801,N,35-60,N,Low,Good
101,53,M,Hyderabad,Semi-Urban,Salaried,4406,3,750,N,35-60,N,Low,Good
102,21,M,Hyderabad,Urban,Student,15849,0,540,N,18-25,N,Low,Poor
103,62,M,Mumbai,Rural,Retired,1504,0,900,N,60+,N,Low,Good
104,59,M,Mumbai,Semi-Urban,Salaried,4239,1,748,N,35-60,N,Low,Average
105,61,F,Hyderabad,Urban,Retired,17504,0,900,N,60+,N,Low,Good
106,48,F,Pune,Urban,Salaried,15439,4,850,N,35-60,N,Low,Good
107,27,F,Hyderabad,Urban,Salaried,949,2,599,N,25-35,N,Low,Poor
108,29,F,Pune,Urban,Salaried,1132583,0,792,Y,25-35,Y,High,Good
109,28,M,Mumbai,Rural,Salaried,742136,3,639,N,25-35,N,High,Poor
110,24,M,Bangalore,Urban,Student,748,0,558,N,18-25,N,Low,Poor
111,54,F,Delhi,Rural,Self-Employed,761162,3,617,N,35-60,N,High,Poor
112,25,M,Mumbai,Urban,Student,10771,1,584,N,25-35,N,Low,Poor
113,43,F,Mumbai,Urban,Salaried,629125,2,586,N,35-60,N,High,Poor
114,44,F,Chennai,Urban,Salaried,1207383,3,694,N,35-60,N,High,Average
115,57,F,Chennai,Urban,Salaried,1209531,4,690,N,35-60,N,High,Average
116,55,M,Chennai,Urban,Self-Employed,1380548,4,744,N,35-60,N,High,Average
117,64,F,Delhi,Rural,Retired,1686205,0,848,Y,60+,Y,High,Good
118,60,F,Chennai,Urban,Unemployed,54722,2,559,N,60+,N,Low,Poor
119,42,F,Pune,Semi-Urban,Salaried,481890,1,619,N,35-60,N,Medium,Poor
120,47,M,Hyderabad,Urban,Salaried,1247436,2,741,N,35-60,N,High,Average
121,55,M,Bangalore,Urban,Self-Employed,1567621,4,745,N,35-60,N,High,Average
122,21,F,Mumbai,Urban,Salaried,417473,3,600,N,18-25,N,Medium,Poor
123,55,M,Pune,Urban,Salaried,1840815,1,900,Y,35-60,Y,High,Good
124,57,M,Bangalore,Urban,Self-Employed,1690351,0,900,Y,35-60,Y,High,Good
125,34,M,Pune,Urban,Salaried,1871836,1,879,Y,25-35,Y,High,Good
126,23,M,Pune,Urban,Self-Employed,2148917,0,900,Y,18-25,Y,High,Good
127,21,M,Mumbai,Urban,Salaried,1158823,1,738,N,18-25,N,High,Average
128,21,M,Hyderabad,Urban,Student,18782,0,584,N,18-25,N,Low,Poor
129,46,M,Chennai,Urban,Self-Employed,575437,0,714,N,35-60,N,High,Average
130,34,M,Delhi,Rural,Salaried,456877,1,610,N,25-35,N,Medium,Poor
131,59,M,Hyderabad,Semi-Urban,Salaried,1833471,1,900,Y,35-60,Y,High,Good
132,47,M,Delhi,Urban,Unemployed,11874,0,574,N,35-60,N,Low,Poor
133,29,F,Mumbai,Urban,Salaried,1172834,4,740,N,25-35,N,High,Average
134,22,F,Mumbai,Rural,Student,450,0,570,N,18-25,N,Low,Poor
135,35,M,Mumbai,Semi-Urban,Salaried,743066,2,684,N,35-60,N,High,Average
136,46,F,Bangalore,Urban,Salaried,634923,3,588,N,35-60,N,High,Poor
137,62,F,Delhi,Rural,Retired,869696,0,753,Y,60+,Y,High,Good
138,24,M,Hyderabad,Urban,Student,14819,1,585,N,18-25,N,Low,Poor
139,52,M,Hyderabad,Urban,Salaried,1993470,3,839,Y,35-60,Y,High,Good
140,59,M,Pune,Semi-Urban,Self-Employed,370062,4,577,N,35-60,N,Medium,Poor
141,52,F,Pune,Urban,Salaried,1360676,3,731,N,35-60,N,High,Average
142,24,F,Pune,Rural,Salaried,1667741,1,871,Y,18-25,Y,High,Good
143,50,M,Mumbai,Semi-Urban,Self-Employed,1282499,3,741,N,35-60,N,High,Average
144,57,M,Hyderabad,Urban,Self-Employed,2114445,0,900,Y,35-60,Y,High,Good
145,24,M,Delhi,Urban,Student,16136,1,508,N,18-25,N,Low,Poor
146,59,F,Mumbai,Urban,Salaried,573813,2,585,N,35-60,N,High,Poor
147,35,F,Bangalore,Urban,Salaried,1207651,1,760,Y,35-60,Y,High,Good
148,63,F,Pune,Semi-Urban,Retired,1009132,3,706,N,60+,N,High,Average
149,49,F,Mumbai,Urban,Salaried,573022,0,713,N,35-60,N,High,Average
150,56,M,Mumbai,Urban,Salaried,1089417,1,774,Y,35-60,Y,High,Good
151,33,M,Bangalore,Semi-Urban,Self-Employed,1864099,0,887,Y,25-35,Y,High,Good
152,52,M,Chennai,Urban,Salaried,581075,4,618,N,35-60,N,High,Poor
153,20,M,Hyderabad,Semi-Urban,Student,12584,1,521,N,18-25,N,Low,Poor
154,42,F,Delhi,Urban,Unemployed,336,4,463,N,35-60,N,Low,Poor
155,48,F,Chennai,Rural,Salaried,1129365,2,690,N,35-60,N,High,Average
156,19,M,Pune,Urban,Student,8570,1,535,N,18-25,N,Low,Poor
157,62,M,Mumbai,Urban,Retired,1480796,1,839,Y,60+,Y,High,Good
158,26,F,Bangalore,Urban,Salaried,413936,3,621,N,25-35,N,Medium,Poor
159,48,M,Bangalore,Urban,Salaried,316279,2,544,N,35-60,N,Medium,Poor
160,48,F,Hyderabad,Semi-Urban,Salaried,1548313,2,786,Y,35-60,Y,High,Good
161,64,M,Chennai,Semi-Urban,Retired,1452327,2,761,Y,60+,Y,High,Good
162,25,M,Hyderabad,Semi-Urban,Student,3274,0,581,N,25-35,N,Low,Poor
163,40,M,Mumbai,Urban,Salaried,1419962,1,856,Y,35-60,Y,High,Good
164,22,M,Hyderabad,Urban,Student,11004,1,517,N,18-25,N,Low,Poor
165,31,M,Delhi,Urban,Self-Employed,1666470,3,843,Y,25-35,Y,High,Good
166,48,M,Bangalore,Urban,Salaried,636199,4,642,N,35-60,N,High,Poor
167,45,M,Bangalore,Rural,Unemployed,91911,2,525,N,35-60,N,Low,Poor
168,59,F,Pune,Urban,Salaried,1185050,2,715,N,35-60,N,High,Average
169,53,F,Pune,Urban,Salaried,1819065,2,828,Y,35-60,Y,High,Good
170,21,F,Mumbai,Urban,Self-Employed,1243978,3,771,Y,18-25,Y,High,Good
171,47,F,Delhi,Semi-Urban,Salaried,747244,4,595,N,35-60,N,High,Poor
172,33,F,Chennai,Semi-Urban,Salaried,1569670,0,865,Y,25-35,Y,High,Good
173,61,M,Hyderabad,Rural,Retired,676036,1,662,N,60+,N,High,Average
174,23,M,Mumbai,Urban,Salaried,537723,0,613,N,18-25,N,High,Poor
175,59,F,Pune,Urban,Unemployed,71128,3,512,N,35-60,N,Low,Poor
176,26,M,Hyderabad,Rural,Salaried,1759900,2,879,Y,25-35,Y,High,Good
177,28,F,Pune,Semi-Urban,Salaried,1138927,1,717,N,25-35,N,High,Average
178,47,F,Hyderabad,Urban,Salaried,382806,3,530,N,35-60,N,Medium,Poor
179,22,M,Chennai,Semi-Urban,Student,11775,1,531,N,18-25,N,Low,Poor
180,57,M,Mumbai,Semi-Urban,Salaried,1031893,3,648,N,35-60,N,High,Poor
181,53,M,Hyderabad,Semi-Urban,Salaried,1578673,1,863,Y,35-60,Y,High,Good
182,62,F,Delhi,Semi-Urban,Retired,1274334,1,756,Y,60+,Y,High,Good
183,64,M,Bangalore,Urban,Retired,1292144,4,730,N,60+,N,High,Average
184,44,F,Delhi,Urban,Self-Employed,1988460,4,853,Y,35-60,Y,High,Good
185,35,F,Delhi,Urban,Self-Employed,739709,0,655,N,35-60,N,High,Average
186,52,F,Bangalore,Semi-Urban,Salaried,737585,1,641,N,35-60,N,High,Poor
187,52,M,Delhi,Semi-Urban,Self-Employed,1067108,1,695,N,35-60,N,High,Average
188,44,M,Hyderabad,Semi-Urban,Salaried,1150525,1,802,Y,35-60,Y,High,Good
189,61,F,Hyderabad,Urban,Retired,79414,4,504,N,60+,N,Low,Poor
190,32,M,Hyderabad,Semi-Urban,Unemployed,93095,3,474,N,25-35,N,Low,Poor
191,59,M,Bangalore,Semi-Urban,Salaried,1067442,2,698,N,35-60,N,High,Average
192,23,M,Delhi,Semi-Urban,Student,4338,0,464,N,18-25,N,Low,Poor
193,23,F,Bangalore,Semi-Urban,Self-Employed,725278,1,696,N,18-25,N,High,Average
194,57,F,Hyderabad,Semi-Urban,Salaried,594067,4,558,N,35-60,N,High,Poor
195,37,M,Delhi,Urban,Salaried,679593,0,645,N,35-60,N,High,Poor
196,22,F,Delhi,Urban,Salaried,794955,1,675,N,18-25,N,High,Average
197,22,M,Pune,Urban,Self-Employed,1534574,0,877,Y,18-25,Y,High,Good
198,48,M,Pune,Urban,Unemployed,47574,1,576,N,35-60,N,Low,Poor
199,43,M,Chennai,Semi-Urban,Self-Employed,1735183,4,801,Y,35-60,Y,High,Good
200,24,M,Mumbai,Semi-Urban,Student,11136,1,487,N,18-25,N,Low,Poor
201,52,F,Pune,Urban,Salaried,1926528,2,858,Y,35-60,Y,High,Good
202,53,F,Bangalore,Urban,Self-Employed,2152392,0,900,Y,35-60,Y,High,Good
203,21,F,Pune,Semi-Urban,Self-Employed,1595205,4,750,N,18-25,N,High,Good
204,39,M,Chennai,Urban,Salaried,1608014,3,798,Y,35-60,Y,High,Good
205,22,M,Delhi,Urban,Salaried,450528,4,543,N,18-25,N,Medium,Poor
206,64,M,Chennai,Urban,Retired,718011,0,683,N,60+,N,High,Average
207,46,F,Delhi,Urban,Salaried,597698,2,588,N,35-60,N,High,Poor
208,52,M,Delhi,Urban,Self-Employed,996760,4,635,N,35-60,N,High,Poor
209,26,F,Mumbai,Urban,Salaried,598783,1,615,N,25-35,N,High,Poor
210,52,F,Pune,Urban,Salaried,1579758,3,821,Y,35-60,Y,High,Good
211,24,F,Bangalore,Rural,Self-Employed,1387613,4,758,Y,18-25,Y,High,Good
212,31,F,Bangalore,Urban,Salaried,1048423,3,743,N,25-35,N,High,Average
213,37,F,Hyderabad,Semi-Urban,Salaried,1537063,1,787,Y,35-60,Y,High,Good
214,58,F,Delhi,Urban,Salaried,318074,2,534,N,35-60,N,Medium,Poor
215,25,M,Bangalore,Urban,Student,18822,1,502,N,25-35,N,Low,Poor
216,25,M,Mumbai,Semi-Urban,Salaried,1640683,1,849,Y,25-35,Y,High,Good
217,24,F,Delhi,Urban,Student,14309,0,472,N,18-25,N,Low,Poor
218,26,F,Mumbai,Urban,Salaried,316061,4,580,N,25-35,N,Medium,Poor
219,42,M,Bangalore,Urban,Unemployed,113502,1,586,N,35-60,N,Medium,Poor
220,31,F,Bangalore,Semi-Urban,Unemployed,22800,0,589,N,25-35,N,Low,Poor
221,36,F,Hyderabad,Urban,Salaried,1726912,3,788,Y,35-60,Y,High,Good
222,53,M,Bangalore,Urban,Salaried,802175,2,701,N,35-60,N,High,Average
223,29,F,Delhi,Semi-Urban,Salaried,1605081,1,869,Y,25-35,Y,High,Good
224,26,F,Delhi,Urban,Salaried,931516,2,664,N,25-35,N,High,Average
225,36,F,Delhi,Semi-Urban,Salaried,506548,3,542,N,35-60,N,High,Poor
226,49,M,Hyderabad,Semi-Urban,Salaried,1811252,2,833,Y,35-60,Y,High,Good
227,23,M,Hyderabad,Rural,Salaried,750983,1,710,N,18-25,N,High,Average
228,40,M,Bangalore,Urban,Salaried,768535,3,666,N,35-60,N,High,Average
229,56,F,Chennai,Semi-Urban,Salaried,796005,0,756,Y,35-60,Y,High,Good
230,39,F,Chennai,Urban,Salaried,1000757,1,685,N,35-60,N,High,Average
231,46,M,Hyderabad,Urban,Unemployed,13233,4,429,N,35-60,N,Low,Poor
232,23,F,Bangalore,Urban,Salaried,1066565,1,743,N,18-25,N,High,Average
233,39,F,Chennai,Semi-Urban,Salaried,783236,3,606,N,35-60,N,High,Poor
234,40,F,Bangalore,Urban,Salaried,1152159,1,772,Y,35-60,Y,High,Good
235,52,F,Bangalore,Urban,Self-Employed,2175618,0,900,Y,35-60,Y,High,Good
236,21,F,Bangalore,Urban,Student,1737,0,535,N,18-25,N,Low,Poor
237,24,M,Pune,Semi-Urban,Student,14892,0,522,N,18-25,N,Low,Poor
238,53,F,Delhi,Semi-Urban,Unemployed,108464,2,482,N,35-60,N,Medium,Poor
239,60,M,Bangalore,Semi-Urban,Salaried,517314,3,550,N,60+,N,High,Poor
240,59,F,Pune,Urban,Self-Employed,1784090,3,806,Y,35-60,Y,High,Good
241,38,M,Hyderabad,Urban,Self-Employed,998692,2,711,N,35-60,N,High,Average
242,60,F,Chennai,Semi-Urban,Salaried,585810,0,716,N,60+,N,High,Average
243,21,M,Delhi,Urban,Unemployed,58817,0,520,N,18-25,N,Low,Poor
244,31,F,Chennai,Urban,Salaried,1964062,1,900,Y,25-35,Y,High,Good
245,48,M,Delhi,Semi-Urban,Self-Employed,2326775,4,900,Y,35-60,Y,High,Good
246,45,F,Chennai,Rural,Salaried,727858,4,572,N,35-60,N,High,Poor
247,43,M,Delhi,Semi-Urban,Salaried,1914694,4,837,Y,35-60,Y,High,Good
248,51,F,Chennai,Semi-Urban,Self-Employed,831904,1,738,N,35-60,N,High,Average
249,50,M,Chennai,Rural,Salaried,571365,4,609,N,35-60,N,High,Poor
250,62,M,Chennai,Urban,Retired,1491058,2,771,Y,60+,Y,High,Good
251,55,F,Chennai,Urban,Salaried,1016773,1,736,N,35-60,N,High,Average
252,27,F,Hyderabad,Rural,Self-Employed,2195537,2,900,Y,25-35,Y,High,Good
253,36,M,Bangalore,Urban,Salaried,1949782,1,900,Y,35-60,Y,High,Good
254,46,F,Mumbai,Semi-Urban,Salaried,378116,4,515,N,35-60,N,Medium,Poor
255,23,M,Pune,Urban,Student,12481,0,543,N,18-25,N,Low,Poor
256,21,M,Mumbai,Urban,Self-Employed,2272643,2,900,Y,18-25,Y,High,Good
257,32,M,Mumbai,Semi-Urban,Salaried,1577507,2,813,Y,25-35,Y,High,Good
258,25,F,Delhi,Rural,Self-Employed,769385,1,652,N,25-35,N,High,Average
259,57,M,Bangalore,Semi-Urban,Self-Employed,1822138,3,891,Y,35-60,Y,High,Good
260,21,M,Delhi,Urban,Student,18602,0,542,N,18-25,N,Low,Poor
261,29,F,Bangalore,Rural,Salaried,1929753,2,851,Y,25-35,Y,High,Good
262,61,F,Bangalore,Urban,Retired,1286399,3,705,N,60+,N,High,Average
263,55,F,Chennai,Urban,Salaried,526256,4,525,N,35-60,N,High,Poor
264,39,F,Hyderabad,Urban,Salaried,1122376,4,669,N,35-60,N,High,Average
265,36,M,Chennai,Urban,Salaried,1185987,2,734,N,35-60,N,High,Average
266,23,M,Hyderabad,Urban,Salaried,862422,2,669,N,18-25,N,High,Average
267,40,M,Delhi,Rural,Salaried,720539,1,684,N,35-60,N,High,Average
268,44,M,Hyderabad,Semi-Urban,Salaried,1857997,3,854,Y,35-60,Y,High,Good
269,53,F,Delhi,Semi-Urban,Salaried,502834,3,625,N,35-60,N,High,Poor
270,22,M,Mumbai,Urban,Student,1478,1,518,N,18-25,N,Low,Poor
271,31,M,Mumbai,Rural,Salaried,1010381,4,695,N,25-35,N,High,Average
272,28,F,Hyderabad,Rural,Salaried,1700679,2,861,Y,25-35,Y,High,Good
273,56,M,Hyderabad,Semi-Urban,Self-Employed,2033802,4,831,Y,35-60,Y,High,Good
274,58,M,Delhi,Urban,Salaried,1615712,4,759,Y,35-60,Y,High,Good
275,60,M,Chennai,Urban,Self-Employed,776249,2,665,N,60+,N,High,Average
276,40,M,Delhi,Urban,Self-Employed,2333631,0,900,Y,35-60,Y,High,Good
277,55,M,Chennai,Urban,Salaried,725767,3,608,N,35-60,N,High,Poor
278,45,M,Mumbai,Urban,Self-Employed,2271835,4,900,Y,35-60,Y,High,Good
279,55,F,Bangalore,Rural,Salaried,1099687,4,648,N,35-60,N,High,Poor
280,45,F,Hyderabad,Urban,Salaried,435639,0,658,N,35-60,N,Medium,Average
281,49,M,Chennai,Urban,Salaried,1060177,1,712,N,35-60,N,High,Average
282,38,M,Delhi,Urban,Salaried,1368965,0,842,Y,35-60,Y,High,Good
283,25,F,Mumbai,Urban,Student,16183,1,618,N,25-35,N,Low,Poor
284,22,M,Chennai,Urban,Salaried,623720,4,600,N,18-25,N,High,Poor
285,55,M,Delhi,Urban,Salaried,1344846,3,746,N,35-60,N,High,Average
286,36,M,Hyderabad,Urban,Salaried,1130351,0,813,Y,35-60,Y,High,Good
287,61,F,Hyderabad,Semi-Urban,Retired,1037463,1,719,N,60+,N,High,Average
288,56,M,Pune,Rural,Salaried,303358,2,578,N,35-60,N,Medium,Poor
289,53,F,Bangalore,Urban,Salaried,650679,0,647,N,35-60,N,High,Poor
290,24,M,Pune,Urban,Self-Employed,1551133,0,865,Y,18-25,Y,High,Good
291,53,F,Mumbai,Semi-Urban,Salaried,507596,1,672,N,35-60,N,High,Average
292,34,F,Chennai,Urban,Salaried,930270,3,682,N,25-35,N,High,Average
293,41,M,Mumbai,Urban,Salaried,528129,0,700,N,35-60,N,High,Average
294,40,F,Delhi,Rural,Salaried,628953,0,700,N,35-60,N,High,Average
295,20,M,Hyderabad,Urban,Student,14436,0,515,N,18-25,N,Low,Poor
296,27,F,Pune,Semi-Urban,Salaried,1404381,1,801,Y,25-35,Y,High,Good
297,23,M,Pune,Urban,Salaried,462421,0,618,N,18-25,N,Medium,Poor
298,37,M,Pune,Urban,Salaried,1556425,3,824,Y,35-60,Y,High,Good
299,53,F,Mumbai,Urban,Self-Employed,2266328,0,900,Y,35-60,Y,High,Good
300,32,M,Hyderabad,Semi-Urban,Salaried,1161465,2,733,N,25-35,N,High,Average
301,42,M,Chennai,Urban,Salaried,538483,4,558,N,35-60,N,High,Poor
302,42,F,Delhi,Urban,Self-Employed,2116962,2,900,Y,35-60,Y,High,Good
303,50,M,Chennai,Semi-Urban,Salaried,570146,0,638,N,35-60,N,High,Poor
304,21,M,Mumbai,Urban,Student,14439,1,577,N,18-25,N,Low,Poor
305,58,F,Delhi,Urban,Self-Employed,357524,4,513,N,35-60,N,Medium,Poor
306,28,F,Pune,Rural,Salaried,518306,2,660,N,25-35,N,High,Average
307,47,M,Bangalore,Urban,Salaried,1211289,3,738,N,35-60,N,High,Average
308,47,M,Mumbai,Semi-Urban,Salaried,844026,1,699,N,35-60,N,High,Average
309,54,F,Mumbai,Semi-Urban,Salaried,413776,2,628,N,35-60,N,Medium,Poor
310,41,F,Hyderabad,Semi-Urban,Unemployed,143464,3,560,N,35-60,N,Medium,Poor
311,50,M,Chennai,Urban,Salaried,577785,0,645,N,35-60,N,High,Poor
312,53,F,Mumbai,Rural,Salaried,1690254,3,841,Y,35-60,Y,High,Good
313,48,M,Mumbai,Urban,Self-Employed,518449,2,633,N,35-60,N,High,Poor
314,53,M,Pune,Semi-Urban,Salaried,1053622,2,702,N,35-60,N,High,Average
315,25,M,Pune,Urban,Salaried,1629502,0,900,Y,25-35,Y,High,Good
316,39,M,Delhi,Urban,Salaried,1688977,3,778,Y,35-60,Y,High,Good
317,24,M,Bangalore,Urban,Salaried,536371,3,564,N,18-25,N,High,Poor
318,55,F,Hyderabad,Rural,Self-Employed,896275,0,725,N,35-60,N,High,Average
319,37,F,Bangalore,Rural,Salaried,424591,3,556,N,35-60,N,Medium,Poor
320,64,F,Delhi,Urban,Retired,892054,0,775,Y,60+,Y,High,Good
321,48,F,Pune,Urban,Salaried,830799,1,729,N,35-60,N,High,Average
322,50,M,Chennai,Semi-Urban,Salaried,939104,2,681,N,35-60,N,High,Average
323,49,M,Pune,Urban,Salaried,800981,1,690,N,35-60,N,High,Average
324,26,M,Hyderabad,Urban,Salaried,1073720,4,651,N,25-35,N,High,Average
325,55,M,Pune,Semi-Urban,Salaried,1243681,4,755,Y,35-60,Y,High,Good
326,18,F,Hyderabad,Urban,Student,4581,0,501,N,18-25,N,Low,Poor
327,57,M,Hyderabad,Rural,Salaried,1500002,0,829,Y,35-60,Y,High,Good
328,44,M,Hyderabad,Urban,Salaried,1634649,3,809,Y,35-60,Y,High,Good
329,49,F,Delhi,Urban,Salaried,1508468,1,833,Y,35-60,Y,High,Good
330,51,F,Hyderabad,Urban,Self-Employed,1410152,1,771,Y,35-60,Y,High,Good
331,55,F,Hyderabad,Semi-Urban,Self-Employed,1233667,1,812,Y,35-60,Y,High,Good
332,53,F,Chennai,Urban,Salaried,1426101,1,816,Y,35-60,Y,High,Good
333,41,M,Bangalore,Semi-Urban,Unemployed,13780,4,470,N,35-60,N,Low,Poor
334,52,M,Mumbai,Urban,Salaried,568733,1,603,N,35-60,N,High,Poor
335,43,F,Bangalore,Semi-Urban,Salaried,1180096,3,741,N,35-60,N,High,Average
336,53,M,Hyderabad,Urban,Salaried,1263443,4,729,N,35-60,N,High,Average
337,23,M,Chennai,Urban,Salaried,1793285,1,900,Y,18-25,Y,High,Good
338,38,M,Pune,Semi-Urban,Self-Employed,2451340,0,900,Y,35-60,Y,High,Good
339,45,F,Chennai,Urban,Salaried,917614,2,675,N,35-60,N,High,Average
340,62,M,Hyderabad,Urban,Retired,1127385,2,731,N,60+,N,High,Average
341,24,F,Chennai,Rural,Student,11476,0,495,N,18-25,N,Low,Poor
342,23,M,Chennai,Urban,Salaried,1892173,4,837,Y,18-25,Y,High,Good
343,60,M,Hyderabad,Semi-Urban,Salaried,1927059,1,900,Y,60+,Y,High,Good
344,44,M,Delhi,Urban,Salaried,1374477,4,761,Y,35-60,Y,High,Good
345,52,F,Chennai,Semi-Urban,Salaried,1773300,3,835,Y,35-60,Y,High,Good
346,42,M,Mumbai,Urban,Salaried,767927,0,671,N,35-60,N,High,Average
347,43,F,Mumbai,Urban,Self-Employed,1848328,0,900,Y,35-60,Y,High,Good
348,22,F,Chennai,Rural,Salaried,1626980,2,878,Y,18-25,Y,High,Good
349,47,F,Delhi,Semi-Urban,Salaried,949285,2,667,N,35-60,N,High,Average
350,62,M,Pune,Urban,Retired,547584,2,626,N,60+,N,High,Poor
351,22,M,Hyderabad,Urban,Self-Employed,1655802,1,833,Y,18-25,Y,High,Good
352,46,M,Mumbai,Rural,Salaried,1192015,3,731,N,35-60,N,High,Average
353,37,M,Pune,Urban,Salaried,880971,3,695,N,35-60,N,High,Average
354,60,F,Chennai,Semi-Urban,Salaried,686350,3,641,N,60+,N,High,Poor
355,53,F,Pune,Semi-Urban,Salaried,472502,3,545,N,35-60,N,Medium,Poor
356,29,F,Bangalore,Urban,Salaried,1856570,2,854,Y,25-35,Y,High,Good
357,63,M,Mumbai,Urban,Retired,1951348,0,900,Y,60+,Y,High,Good
358,18,F,Chennai,Semi-Urban,Student,8931,1,550,N,18-25,N,Low,Poor
359,49,M,Hyderabad,Urban,Salaried,1154741,3,677,N,35-60,N,High,Average
360,62,F,Delhi,Urban,Retired,2273615,2,900,Y,60+,Y,High,Good
361,46,M,Chennai,Rural,Salaried,1212935,3,738,N,35-60,N,High,Average
362,55,M,Hyderabad,Urban,Self-Employed,699777,4,563,N,35-60,N,High,Poor
363,45,F,Delhi,Semi-Urban,Salaried,441449,0,613,N,35-60,N,Medium,Poor
364,44,F,Delhi,Urban,Self-Employed,1436995,4,736,N,35-60,N,High,Average
365,33,F,Chennai,Urban,Salaried,595920,1,652,N,25-35,N,High,Average
366,27,F,Pune,Urban,Salaried,1221287,2,716,N,25-35,N,High,Average
367,56,M,Pune,Urban,Salaried,1928662,1,900,Y,35-60,Y,High,Good
368,40,F,Delhi,Urban,Self-Employed,385370,2,565,N,35-60,N,Medium,Poor
369,21,F,Pune,Urban,Salaried,1156636,4,653,N,18-25,N,High,Average
370,28,F,Bangalore,Semi-Urban,Salaried,1172639,3,763,Y,25-35,Y,High,Good
371,36,M,Delhi,Urban,Salaried,748377,3,646,N,35-60,N,High,Poor
372,34,M,Delhi,Urban,Salaried,1147084,2,764,Y,25-35,Y,High,Good
373,32,F,Hyderabad,Urban,Salaried,791830,3,599,N,25-35,N,High,Poor
374,43,M,Pune,Urban,Salaried,1216004,4,737,N,35-60,N,High,Average
375,35,F,Delhi,Urban,Unemployed,20922,3,471,N,35-60,N,Low,Poor
376,48,M,Bangalore,Urban,Self-Employed,677244,4,636,N,35-60,N,High,Poor
377,54,M,Hyderabad,Urban,Unemployed,76996,1,571,N,35-60,N,Low,Poor
378,22,M,Chennai,Urban,Salaried,1758760,4,856,Y,18-25,Y,High,Good
379,21,M,Delhi,Urban,Student,4382,0,591,N,18-25,N,Low,Poor
380,43,F,Bangalore,Urban,Self-Employed,768895,0,654,N,35-60,N,High,Average
381,42,F,Mumbai,Urban,Self-Employed,1525393,0,811,Y,35-60,Y,High,Good
382,45,F,Bangalore,Urban,Salaried,717216,2,628,N,35-60,N,High,Poor
383,42,M,Bangalore,Semi-Urban,Salaried,1231515,2,795,Y,35-60,Y,High,Good
384,42,F,Hyderabad,Urban,Self-Employed,2459821,2,900,Y,35-60,Y,High,Good
385,62,F,Chennai,Rural,Retired,1092330,4,713,N,60+,N,High,Average
386,26,F,Mumbai,Urban,Salaried,580539,2,591,N,25-35,N,High,Poor
387,35,M,Pune,Urban,Salaried,1320747,1,766,Y,35-60,Y,High,Good
388,19,M,Pune,Urban,Student,4821,0,549,N,18-25,N,Low,Poor
389,21,M,Bangalore,Urban,Student,2647,0,491,N,18-25,N,Low,Poor
390,53,F,Hyderabad,Semi-Urban,Unemployed,137150,0,599,N,35-60,N,Medium,Poor
391,28,F,Hyderabad,Urban,Salaried,1247135,2,740,N,25-35,N,High,Average
392,64,F,Pune,Rural,Retired,1706396,4,775,Y,60+,Y,High,Good
393,64,M,Mumbai,Urban,Retired,946012,3,641,N,60+,N,High,Poor
394,25,M,Chennai,Urban,Salaried,1935765,1,871,Y,25-35,Y,High,Good
395,59,F,Mumbai,Urban,Salaried,1193659,2,772,Y,35-60,Y,High,Good
396,24,M,Delhi,Urban,Salaried,1024857,2,737,N,18-25,N,High,Average
397,26,M,Delhi,Urban,Salaried,788029,1,688,N,25-35,N,High,Average
398,52,M,Chennai,Semi-Urban,Salaried,1990056,1,900,Y,35-60,Y,High,Good
399,24,M,Pune,Semi-Urban,Student,19465,0,496,N,18-25,N,Low,Poor
400,55,F,Chennai,Urban,Salaried,650164,2,642,N,35-60,N,High,Poor
401,19,M,Hyderabad,Semi-Urban,Student,11187,1,535,N,18-25,N,Low,Poor
402,36,M,Delhi,Rural,Salaried,1806798,0,875,Y,35-60,Y,High,Good
403,33,M,Bangalore,Rural,Salaried,1443457,4,714,N,25-35,N,High,Average
404,62,M,Bangalore,Urban,Retired,542934,4,567,N,60+,N,High,Poor
405,50,F,Pune,Semi-Urban,Salaried,432659,0,613,N,35-60,N,Medium,Poor
406,39,F,Hyderabad,Urban,Salaried,1994552,4,849,Y,35-60,Y,High,Good
407,37,M,Mumbai,Rural,Self-Employed,889872,1,755,Y,35-60,Y,High,Good
408,39,M,Hyderabad,Urban,Salaried,1047108,4,643,N,35-60,N,High,Poor
409,48,M,Bangalore,Urban,Salaried,1162318,4,751,Y,35-60,Y,High,Good
410,46,M,Bangalore,Semi-Urban,Salaried,1236320,0,831,Y,35-60,Y,High,Good
411,57,M,Delhi,Urban,Unemployed,29432,3,514,N,35-60,N,Low,Poor
412,46,M,Hyderabad,Rural,Self-Employed,2325838,4,900,Y,35-60,Y,High,Good
413,43,F,Hyderabad,Rural,Self-Employed,1478265,4,718,N,35-60,N,High,Average
414,29,M,Bangalore,Semi-Urban,Salaried,1683093,3,786,Y,25-35,Y,High,Good
415,32,F,Mumbai,Urban,Self-Employed,1463865,0,817,Y,25-35,Y,High,Good
416,21,F,Pune,Semi-Urban,Self-Employed,1581604,3,816,Y,18-25,Y,High,Good
417,21,M,Pune,Urban,Salaried,567598,0,649,N,18-25,N,High,Poor
418,54,F,Hyderabad,Urban,Unemployed,74960,1,516,N,35-60,N,Low,Poor
419,52,F,Pune,Semi-Urban,Salaried,1450997,0,882,Y,35-60,Y,High,Good
420,23,F,Bangalore,Urban,Student,19754,0,582,N,18-25,N,Low,Poor
421,21,F,Bangalore,Urban,Student,2401,1,589,N,18-25,N,Low,Poor
422,21,F,Hyderabad,Rural,Salaried,732829,0,685,N,18-25,N,High,Average
423,36,F,Hyderabad,Urban,Salaried,516750,2,639,N,35-60,N,High,Poor
424,59,M,Delhi,Urban,Unemployed,120592,0,546,N,35-60,N,Medium,Poor
425,25,F,Hyderabad,Rural,Salaried,534000,4,541,N,25-35,N,High,Poor
426,42,F,Mumbai,Urban,Salaried,1080277,4,729,N,35-60,N,High,Average
427,49,F,Pune,Semi-Urban,Unemployed,59993,2,531,N,35-60,N,Low,Poor
428,23,M,Hyderabad,Rural,Salaried,1477228,1,842,Y,18-25,Y,High,Good
429,32,F,Chennai,Rural,Salaried,1226352,2,784,Y,25-35,Y,High,Good
430,46,M,Delhi,Semi-Urban,Salaried,808069,4,611,N,35-60,N,High,Poor
431,36,F,Chennai,Urban,Salaried,1951536,2,900,Y,35-60,Y,High,Good
432,57,M,Bangalore,Urban,Salaried,1152557,0,754,Y,35-60,Y,High,Good
433,42,M,Pune,Semi-Urban,Salaried,1566092,2,816,Y,35-60,Y,High,Good
434,49,F,Hyderabad,Rural,Salaried,679653,1,626,N,35-60,N,High,Poor
435,34,F,Chennai,Urban,Salaried,1410178,0,871,Y,25-35,Y,High,Good
436,48,M,Pune,Urban,Self-Employed,487069,3,633,N,35-60,N,Medium,Poor
437,25,F,Bangalore,Urban,Salaried,866510,4,684,N,25-35,N,High,Average
438,50,M,Mumbai,Urban,Salaried,1589660,4,745,N,35-60,N,High,Average
439,25,M,Delhi,Semi-Urban,Self-Employed,1540894,2,779,Y,25-35,Y,High,Good
440,32,M,Pune,Urban,Salaried,1938197,0,900,Y,25-35,Y,High,Good
441,36,M,Pune,Rural,Salaried,1008092,3,694,N,35-60,N,High,Average
442,46,M,Mumbai,Semi-Urban,Salaried,1733370,0,899,Y,35-60,Y,High,Good
443,19,F,Pune,Urban,Student,16617,1,466,N,18-25,N,Low,Poor
444,41,M,Bangalore,Semi-Urban,Salaried,899792,0,734,N,35-60,N,High,Average
445,59,M,Bangalore,Urban,Salaried,1875326,3,900,Y,35-60,Y,High,Good
446,56,F,Mumbai,Urban,Self-Employed,873607,2,702,N,35-60,N,High,Average
447,53,M,Delhi,Semi-Urban,Salaried,964635,1,769,Y,35-60,Y,High,Good
448,50,F,Hyderabad,Semi-Urban,Salaried,968629,0,790,Y,35-60,Y,High,Good
449,57,F,Chennai,Semi-Urban,Salaried,1471248,1,850,Y,35-60,Y,High,Good
450,43,F,Hyderabad,Urban,Salaried,1807734,4,838,Y,35-60,Y,High,Good
451,30,M,Pune,Urban,Self-Employed,1633640,2,863,Y,25-35,Y,High,Good
452,25,M,Chennai,Semi-Urban,Salaried,813953,2,696,N,25-35,N,High,Average
453,56,M,Mumbai,Urban,Salaried,717582,0,684,N,35-60,N,High,Average
454,54,F,Mumbai,Urban,Salaried,344036,2,565,N,35-60,N,Medium,Poor
455,51,M,Delhi,Urban,Self-Employed,1447017,0,856,Y,35-60,Y,High,Good
456,30,F,Chennai,Semi-Urban,Salaried,442867,0,640,N,25-35,N,Medium,Poor
457,39,M,Bangalore,Urban,Salaried,1418597,1,795,Y,35-60,Y,High,Good
458,52,F,Chennai,Semi-Urban,Salaried,669349,2,663,N,35-60,N,High,Average
459,21,M,Pune,Rural,Salaried,1809946,0,900,Y,18-25,Y,High,Good
460,25,M,Bangalore,Urban,Salaried,985503,1,748,N,25-35,N,High,Average
461,24,M,Mumbai,Urban,Salaried,722641,3,634,N,18-25,N,High,Poor
462,36,F,Chennai,Urban,Salaried,637283,1,680,N,35-60,N,High,Average
463,44,F,Hyderabad,Rural,Salaried,1060592,1,734,N,35-60,N,High,Average
464,36,M,Delhi,Urban,Salaried,1878232,0,889,Y,35-60,Y,High,Good
465,23,M,Hyderabad,Urban,Student,3866,0,494,N,18-25,N,Low,Poor
466,48,F,Delhi,Urban,Salaried,883117,4,610,N,35-60,N,High,Poor
467,52,F,Pune,Semi-Urban,Self-Employed,641180,4,552,N,35-60,N,High,Poor
468,47,F,Hyderabad,Urban,Salaried,1802086,1,900,Y,35-60,Y,High,Good
469,40,M,Chennai,Semi-Urban,Salaried,1101151,0,802,Y,35-60,Y,High,Good
470,44,F,Chennai,Rural,Salaried,1902091,2,893,Y,35-60,Y,High,Good
471,32,M,Hyderabad,Urban,Salaried,933718,1,716,N,25-35,N,High,Average
472,55,F,Chennai,Semi-Urban,Salaried,700782,1,629,N,35-60,N,High,Poor
473,24,M,Pune,Urban,Student,9410,0,523,N,18-25,N,Low,Poor
474,53,F,Bangalore,Rural,Salaried,878110,3,618,N,35-60,N,High,Poor
475,21,F,Pune,Semi-Urban,Student,10630,0,588,N,18-25,N,Low,Poor
476,57,F,Delhi,Rural,Salaried,708302,3,598,N,35-60,N,High,Poor
477,32,F,Pune,Urban,Self-Employed,997410,3,718,N,25-35,N,High,Average
478,23,F,Delhi,Urban,Salaried,449395,4,544,N,18-25,N,Medium,Poor
479,21,M,Chennai,Urban,Self-Employed,1185783,0,761,Y,18-25,Y,High,Good
480,53,F,Bangalore,Urban,Salaried,1657719,3,857,Y,35-60,Y,High,Good
481,60,F,Chennai,Urban,Self-Employed,2409932,0,900,Y,60+,Y,High,Good
482,30,F,Mumbai,Urban,Salaried,1109340,4,738,N,25-35,N,High,Average
483,63,M,Chennai,Urban,Retired,2015520,0,900,Y,60+,Y,High,Good
484,64,F,Delhi,Urban,Retired,1736998,1,893,Y,60+,Y,High,Good
485,22,M,Chennai,Semi-Urban,Student,8298,1,480,N,18-25,N,Low,Poor
486,33,F,Chennai,Urban,Salaried,1792017,0,900,Y,25-35,Y,High,Good
487,32,F,Bangalore,Urban,Self-Employed,1991888,2,900,Y,25-35,Y,High,Good
488,22,M,Chennai,Urban,Student,6856,0,547,N,18-25,N,Low,Poor
489,22,F,Bangalore,Urban,Self-Employed,1991599,3,880,Y,18-25,Y,High,Good
490,55,M,Hyderabad,Rural,Salaried,422019,4,538,N,35-60,N,Medium,Poor
491,43,M,Mumbai,Urban,Salaried,671852,4,616,N,35-60,N,High,Poor
492,37,F,Bangalore,Semi-Urban,Unemployed,9343,3,538,N,35-60,N,Low,Poor
493,46,M,Delhi,Rural,Salaried,1448836,1,846,Y,35-60,Y,High,Good
494,28,F,Hyderabad,Semi-Urban,Salaried,1519439,1,786,Y,25-35,Y,High,Good
495,49,F,Bangalore,Semi-Urban,Self-Employed,934494,4,698,N,35-60,N,High,Average
496,46,M,Bangalore,Semi-Urban,Self-Employed,843731,4,628,N,35-60,N,High,Poor
497,30,M,Mumbai,Rural,Salaried,1054471,3,694,N,25-35,N,High,Average
498,46,M,Delhi,Semi-Urban,Self-Employed,910187,1,711,N,35-60,N,High,Average
499,54,M,Pune,Urban,Self-Employed,346143,4,567,N,35-60,N,Medium,Poor
500,61,F,Pune,Semi-Urban,Retired,444771,1,595,N,60+,N,Medium,Poor
501,21,F,Bangalore,Urban,Student,18241,0,493,N,18-25,N,Low,Poor
502,24,M,Chennai,Semi-Urban,Salaried,960673,0,771,Y,18-25,Y,High,Good
503,31,F,Delhi,Urban,Salaried,411362,2,617,N,25-35,N,Medium,Poor
504,49,F,Hyderabad,Urban,Salaried,1639527,0,895,Y,35-60,Y,High,Good
505,56,F,Chennai,Urban,Salaried,476298,4,612,N,35-60,N,Medium,Poor
506,24,F,Chennai,Urban,Student,8557,0,481,N,18-25,N,Low,Poor
507,41,M,Delhi,Urban,Salaried,773288,2,652,N,35-60,N,High,Average
508,56,M,Bangalore,Urban,Salaried,565702,4,628,N,35-60,N,High,Poor
509,30,F,Bangalore,Urban,Salaried,1292812,4,767,Y,25-35,Y,High,Good
510,57,M,Bangalore,Urban,Salaried,612257,1,618,N,35-60,N,High,Poor
511,29,M,Bangalore,Semi-Urban,Salaried,1253847,4,760,Y,25-35,Y,High,Good
512,44,M,Pune,Urban,Salaried,1406795,3,808,Y,35-60,Y,High,Good
513,55,F,Bangalore,Urban,Salaried,1254470,4,704,N,35-60,N,High,Average
514,22,F,Pune,Semi-Urban,Student,17399,1,505,N,18-25,N,Low,Poor
515,56,F,Pune,Urban,Salaried,581373,4,577,N,35-60,N,High,Poor
516,38,M,Bangalore,Urban,Salaried,1900741,1,898,Y,35-60,Y,High,Good
517,59,F,Mumbai,Rural,Salaried,489073,3,626,N,35-60,N,Medium,Poor
518,52,F,Hyderabad,Rural,Self-Employed,609281,0,669,N,35-60,N,High,Average
519,44,M,Chennai,Urban,Salaried,1124516,3,725,N,35-60,N,High,Average
520,43,F,Pune,Urban,Salaried,1168212,1,750,N,35-60,N,High,Good
521,52,F,Delhi,Rural,Salaried,1310396,3,724,N,35-60,N,High,Average
522,57,M,Delhi,Semi-Urban,Unemployed,147878,4,470,N,35-60,N,Medium,Poor
523,32,M,Hyderabad,Urban,Salaried,519707,4,526,N,25-35,N,High,Poor
524,33,M,Delhi,Semi-Urban,Self-Employed,1335610,1,795,Y,25-35,Y,High,Good
525,43,F,Mumbai,Urban,Salaried,471389,2,612,N,35-60,N,Medium,Poor
526,45,F,Delhi,Urban,Salaried,1760886,4,844,Y,35-60,Y,High,Good
527,55,F,Chennai,Urban,Self-Employed,1309165,0,828,Y,35-60,Y,High,Good
528,61,M,Chennai,Semi-Urban,Retired,1405797,1,831,Y,60+,Y,High,Good
529,23,M,Pune,Urban,Student,5949,0,536,N,18-25,N,Low,Poor
530,20,F,Bangalore,Semi-Urban,Student,511,0,470,N,18-25,N,Low,Poor
531,19,F,Mumbai,Urban,Student,3331,1,581,N,18-25,N,Low,Poor
532,45,M,Pune,Urban,Salaried,1125963,4,732,N,35-60,N,High,Average
533,42,M,Mumbai,Urban,Self-Employed,826515,1,739,N,35-60,N,High,Average
534,33,M,Bangalore,Semi-Urban,Salaried,565308,0,643,N,25-35,N,High,Poor
535,21,M,Delhi,Urban,Student,19796,1,487,N,18-25,N,Low,Poor
536,56,F,Delhi,Urban,Salaried,1127679,1,752,Y,35-60,Y,High,Good
537,32,M,Bangalore,Rural,Self-Employed,1009401,3,691,N,25-35,N,High,Average
538,61,F,Pune,Urban,Retired,874887,1,696,N,60+,N,High,Average
539,39,F,Bangalore,Rural,Salaried,764761,2,709,N,35-60,N,High,Average
540,32,F,Hyderabad,Urban,Salaried,1858244,1,900,Y,25-35,Y,High,Good
541,29,M,Chennai,Semi-Urban,Self-Employed,1176921,2,782,Y,25-35,Y,High,Good
542,27,M,Pune,Urban,Salaried,1538227,1,835,Y,25-35,Y,High,Good
543,48,M,Mumbai,Rural,Salaried,1849317,2,900,Y,35-60,Y,High,Good
544,34,M,Hyderabad,Urban,Self-Employed,318207,3,582,N,25-35,N,Medium,Poor
545,51,F,Pune,Urban,Salaried,634199,4,602,N,35-60,N,High,Poor
546,39,M,Bangalore,Urban,Salaried,1188698,2,773,Y,35-60,Y,High,Good
547,36,M,Bangalore,Urban,Salaried,1688990,2,811,Y,35-60,Y,High,Good
548,25,F,Bangalore,Urban,Salaried,411426,3,548,N,25-35,N,Medium,Poor
549,55,M,Bangalore,Rural,Salaried,1859657,2,898,Y,35-60,Y,High,Good
550,32,F,Mumbai,Urban,Salaried,434794,0,665,N,25-35,N,Medium,Average
551,45,F,Hyderabad,Semi-Urban,Salaried,1706352,3,844,Y,35-60,Y,High,Good
552,41,F,Delhi,Semi-Urban,Salaried,845726,0,762,Y,35-60,Y,High,Good
553,56,F,Chennai,Semi-Urban,Self-Employed,2391008,3,900,Y,35-60,Y,High,Good
554,43,F,Mumbai,Urban,Salaried,1775368,2,850,Y,35-60,Y,High,Good
555,36,F,Mumbai,Urban,Salaried,742244,0,714,N,35-60,N,High,Average
556,25,F,Delhi,Semi-Urban,Student,17481,0,566,N,25-35,N,Low,Poor
557,62,F,Delhi,Rural,Retired,1136309,3,752,Y,60+,Y,High,Good
558,59,M,Chennai,Urban,Salaried,790999,2,666,N,35-60,N,High,Average
559,34,M,Chennai,Urban,Self-Employed,867762,0,748,N,25-35,N,High,Average
560,23,M,Delhi,Urban,Student,16691,1,580,N,18-25,N,Low,Poor
561,25,M,Bangalore,Rural,Self-Employed,2038053,2,900,Y,25-35,Y,High,Good
562,55,F,Mumbai,Urban,Self-Employed,657407,1,666,N,35-60,N,High,Average
563,43,M,Pune,Urban,Self-Employed,1121158,3,731,N,35-60,N,High,Average
564,49,F,Chennai,Rural,Salaried,1603306,3,854,Y,35-60,Y,High,Good
565,63,M,Chennai,Urban,Retired,1545308,2,812,Y,60+,Y,High,Good
566,31,M,Delhi,Urban,Salaried,720602,1,654,N,25-35,N,High,Average
567,25,M,Hyderabad,Semi-Urban,Student,17361,0,577,N,25-35,N,Low,Poor
568,32,F,Pune,Rural,Salaried,575848,4,621,N,25-35,N,High,Poor
569,29,M,Pune,Urban,Salaried,356635,4,543,N,25-35,N,Medium,Poor
570,30,F,Chennai,Urban,Salaried,1219627,2,786,Y,25-35,Y,High,Good
571,64,F,Bangalore,Urban,Retired,1651430,1,888,Y,60+,Y,High,Good
572,37,M,Hyderabad,Urban,Salaried,1065197,1,715,N,35-60,N,High,Average
573,21,M,Pune,Semi-Urban,Student,18877,0,489,N,18-25,N,Low,Poor
574,27,M,Chennai,Urban,Self-Employed,1411328,0,797,Y,25-35,Y,High,Good
575,33,F,Pune,Urban,Salaried,1559770,1,827,Y,25-35,Y,High,Good
576,60,M,Hyderabad,Urban,Self-Employed,478584,4,535,N,60+,N,Medium,Poor
577,62,F,Hyderabad,Urban,Retired,2480038,0,900,Y,60+,Y,High,Good
578,29,F,Mumbai,Urban,Salaried,1427113,0,801,Y,25-35,Y,High,Good
579,47,M,Delhi,Rural,Salaried,1136690,2,723,N,35-60,N,High,Average
580,22,M,Delhi,Urban,Salaried,385166,1,633,N,18-25,N,Medium,Poor
581,25,F,Chennai,Semi-Urban,Salaried,675854,2,613,N,25-35,N,High,Poor
582,49,F,Hyderabad,Semi-Urban,Salaried,1646419,1,838,Y,35-60,Y,High,Good
583,24,F,Mumbai,Urban,Student,18425,1,503,N,18-25,N,Low,Poor
584,58,M,Mumbai,Urban,Salaried,1164285,2,709,N,35-60,N,High,Average
585,39,F,Pune,Urban,Self-Employed,547883,2,646,N,35-60,N,High,Poor
586,28,M,Pune,Urban,Salaried,859073,4,652,N,25-35,N,High,Average
587,21,F,Mumbai,Urban,Salaried,463052,2,587,N,18-25,N,Medium,Poor
588,42,F,Pune,Urban,Self-Employed,1006079,1,780,Y,35-60,Y,High,Good
589,22,M,Hyderabad,Urban,Student,3516,1,530,N,18-25,N,Low,Poor
590,27,F,Bangalore,Semi-Urban,Salaried,1743401,2,859,Y,25-35,Y,High,Good
591,45,M,Hyderabad,Urban,Salaried,366253,2,551,N,35-60,N,Medium,Poor
592,24,M,Mumbai,Semi-Urban,Salaried,778697,3,638,N,18-25,N,High,Poor
593,56,F,Mumbai,Urban,Salaried,915416,2,649,N,35-60,N,High,Poor
594,26,M,Hyderabad,Rural,Salaried,461081,0,635,N,25-35,N,Medium,Poor
595,51,M,Pune,Urban,Salaried,1214013,4,729,N,35-60,N,High,Average
596,39,F,Pune,Urban,Salaried,935254,0,720,N,35-60,N,High,Average
597,64,M,Delhi,Semi-Urban,Retired,1436430,4,772,Y,60+,Y,High,Good
598,59,M,Mumbai,Urban,Salaried,923640,3,692,N,35-60,N,High,Average
599,47,M,Chennai,Urban,Salaried,719149,2,657,N,35-60,N,High,Average
600,30,F,Delhi,Rural,Salaried,1047567,2,678,N,25-35,N,High,Average
601,46,M,Pune,Urban,Self-Employed,2029810,2,900,Y,35-60,Y,High,Good
602,23,F,Hyderabad,Urban,Student,11506,1,478,N,18-25,N,Low,Poor
603,59,F,Pune,Semi-Urban,Salaried,1460714,2,792,Y,35-60,Y,High,Good
604,23,M,Hyderabad,Rural,Self-Employed,562916,0,688,N,18-25,N,High,Average
605,33,M,Delhi,Semi-Urban,Salaried,340149,2,596,N,25-35,N,Medium,Poor
606,48,M,Mumbai,Urban,Salaried,648844,3,578,N,35-60,N,High,Poor
607,40,F,Pune,Semi-Urban,Salaried,1183190,0,745,N,35-60,N,High,Average
608,48,M,Hyderabad,Urban,Salaried,1827504,2,900,Y,35-60,Y,High,Good
609,28,M,Mumbai,Semi-Urban,Self-Employed,378447,2,594,N,25-35,N,Medium,Poor
610,22,M,Chennai,Rural,Student,17524,0,541,N,18-25,N,Low,Poor
611,59,M,Hyderabad,Semi-Urban,Salaried,1912033,4,822,Y,35-60,Y,High,Good
612,21,M,Delhi,Rural,Salaried,1134379,0,733,N,18-25,N,High,Average
613,23,F,Chennai,Urban,Salaried,1526872,1,849,Y,18-25,Y,High,Good
614,33,F,Chennai,Semi-Urban,Salaried,1132297,3,757,Y,25-35,Y,High,Good
615,48,M,Bangalore,Semi-Urban,Salaried,980913,4,693,N,35-60,N,High,Average
616,45,M,Pune,Urban,Salaried,1715221,0,900,Y,35-60,Y,High,Good
617,53,M,Hyderabad,Rural,Salaried,1671130,2,823,Y,35-60,Y,High,Good
618,58,M,Chennai,Urban,Salaried,1714474,0,900,Y,35-60,Y,High,Good
619,26,F,Bangalore,Semi-Urban,Salaried,653039,2,638,N,25-35,N,High,Poor
620,64,M,Delhi,Semi-Urban,Retired,1242320,4,676,N,60+,N,High,Average
621,52,F,Mumbai,Semi-Urban,Self-Employed,1611425,2,798,Y,35-60,Y,High,Good
622,41,F,Hyderabad,Urban,Salaried,492994,3,606,N,35-60,N,Medium,Poor
623,36,M,Chennai,Urban,Unemployed,115700,2,540,N,35-60,N,Medium,Poor
624,41,F,Pune,Urban,Salaried,1160346,3,728,N,35-60,N,High,Average
625,31,F,Bangalore,Rural,Self-Employed,1300457,4,741,N,25-35,N,High,Average
626,23,F,Chennai,Urban,Student,16728,1,533,N,18-25,N,Low,Poor
627,56,F,Pune,Urban,Self-Employed,1819720,0,900,Y,35-60,Y,High,Good
628,55,M,Chennai,Semi-Urban,Salaried,1427787,3,785,Y,35-60,Y,High,Good
629,39,M,Hyderabad,Urban,Self-Employed,1237626,3,726,N,35-60,N,High,Average
630,40,F,Hyderabad,Semi-Urban,Salaried,1504654,1,817,Y,35-60,Y,High,Good
631,38,M,Hyderabad,Semi-Urban,Salaried,1651918,1,852,Y,35-60,Y,High,Good
632,61,M,Delhi,Rural,Retired,1240335,1,790,Y,60+,Y,High,Good
633,34,M,Delhi,Urban,Salaried,1774235,2,832,Y,25-35,Y,High,Good
634,35,M,Bangalore,Urban,Salaried,1259820,1,830,Y,35-60,Y,High,Good
635,25,M,Hyderabad,Urban,Student,19248,1,526,N,25-35,N,Low,Poor
636,21,F,Pune,Urban,Self-Employed,1338129,2,759,Y,18-25,Y,High,Good
637,23,M,Chennai,Urban,Salaried,1855929,4,803,Y,18-25,Y,High,Good
638,19,M,Mumbai,Urban,Student,16941,0,614,N,18-25,N,Low,Poor
639,43,M,Pune,Semi-Urban,Salaried,1209210,1,817,Y,35-60,Y,High,Good
640,31,M,Delhi,Semi-Urban,Unemployed,117018,4,504,N,25-35,N,Medium,Poor
641,32,F,Delhi,Urban,Salaried,960046,3,724,N,25-35,N,High,Average
642,30,F,Pune,Semi-Urban,Salaried,332766,0,608,N,25-35,N,Medium,Poor
643,52,F,Delhi,Rural,Self-Employed,2296023,4,900,Y,35-60,Y,High,Good
644,36,F,Hyderabad,Semi-Urban,Self-Employed,805710,0,696,N,35-60,N,High,Average
645,28,M,Bangalore,Semi-Urban,Self-Employed,2344966,1,900,Y,25-35,Y,High,Good
646,58,F,Chennai,Urban,Unemployed,12205,3,536,N,35-60,N,Low,Poor
647,32,M,Bangalore,Urban,Self-Employed,729806,0,650,N,25-35,N,High,Average
648,44,M,Chennai,Urban,Salaried,1503175,4,776,Y,35-60,Y,High,Good
649,24,M,Chennai,Urban,Student,10787,0,519,N,18-25,N,Low,Poor
650,28,M,Bangalore,Rural,Self-Employed,1708316,1,891,Y,25-35,Y,High,Good
651,48,M,Pune,Semi-Urban,Salaried,1727197,4,822,Y,35-60,Y,High,Good
652,19,F,Chennai,Urban,Student,9857,0,525,N,18-25,N,Low,Poor
653,46,F,Bangalore,Urban,Salaried,739358,0,667,N,35-60,N,High,Average
654,28,F,Chennai,Semi-Urban,Self-Employed,987744,2,748,N,25-35,N,High,Average
655,20,F,Mumbai,Urban,Student,11239,0,573,N,18-25,N,Low,Poor
656,48,M,Pune,Urban,Self-Employed,561385,0,667,N,35-60,N,High,Average
657,57,F,Hyderabad,Rural,Self-Employed,2313534,4,900,Y,35-60,Y,High,Good
658,61,M,Chennai,Urban,Retired,1183476,0,755,Y,60+,Y,High,Good
659,56,F,Mumbai,Urban,Salaried,423805,4,557,N,35-60,N,Medium,Poor
660,25,M,Hyderabad,Urban,Student,5314,1,492,N,25-35,N,Low,Poor
661,37,M,Hyderabad,Rural,Salaried,1109359,4,668,N,35-60,N,High,Average
662,29,F,Chennai,Urban,Salaried,415657,4,507,N,25-35,N,Medium,Poor
663,53,M,Bangalore,Urban,Salaried,1153062,4,670,N,35-60,N,High,Average
664,40,M,Chennai,Urban,Salaried,404428,2,557,N,35-60,N,Medium,Poor
665,33,F,Mumbai,Urban,Salaried,422035,4,550,N,25-35,N,Medium,Poor
666,48,M,Hyderabad,Urban,Self-Employed,1744139,1,897,Y,35-60,Y,High,Good
667,49,F,Chennai,Semi-Urban,Salaried,1579356,1,851,Y,35-60,Y,High,Good
668,33,F,Bangalore,Urban,Salaried,1212676,0,834,Y,25-35,Y,High,Good
669,55,F,Chennai,Rural,Salaried,369518,2,551,N,35-60,N,Medium,Poor
670,26,M,Pune,Urban,Salaried,476355,0,691,N,25-35,N,Medium,Average
671,38,M,Bangalore,Urban,Salaried,967565,1,737,N,35-60,N,High,Average
672,25,M,Mumbai,Urban,Salaried,420243,1,566,N,25-35,N,Medium,Poor
673,45,F,Hyderabad,Urban,Salaried,1307378,3,742,N,35-60,N,High,Average
674,22,M,Chennai,Urban,Salaried,1238601,4,687,N,18-25,N,High,Average
675,30,F,Bangalore,Urban,Salaried,696308,1,717,N,25-35,N,High,Average
676,50,F,Pune,Urban,Salaried,1401887,0,819,Y,35-60,Y,High,Good
677,25,M,Bangalore,Semi-Urban,Salaried,322692,0,630,N,25-35,N,Medium,Poor
678,53,F,Delhi,Urban,Self-Employed,1947818,4,833,Y,35-60,Y,High,Good
679,21,M,Pune,Semi-Urban,Self-Employed,2427304,4,900,Y,18-25,Y,High,Good
680,38,M,Mumbai,Rural,Salaried,763685,3,675,N,35-60,N,High,Average
681,52,M,Hyderabad,Urban,Unemployed,4926,2,511,N,35-60,N,Low,Poor
682,31,M,Mumbai,Urban,Salaried,1308803,0,804,Y,25-35,Y,High,Good
683,41,M,Chennai,Urban,Salaried,303969,4,577,N,35-60,N,Medium,Poor
684,46,F,Bangalore,Urban,Unemployed,35733,0,591,N,35-60,N,Low,Poor
685,45,F,Delhi,Urban,Salaried,631999,4,601,N,35-60,N,High,Poor
686,20,F,Pune,Semi-Urban,Student,10154,1,552,N,18-25,N,Low,Poor
687,47,M,Pune,Urban,Salaried,470948,0,680,N,35-60,N,Medium,Average
688,33,M,Bangalore,Urban,Salaried,1193877,1,787,Y,25-35,Y,High,Good
689,53,M,Delhi,Semi-Urban,Salaried,320323,0,640,N,35-60,N,Medium,Poor
690,54,F,Bangalore,Urban,Self-Employed,1577148,2,861,Y,35-60,Y,High,Good
691,61,M,Chennai,Semi-Urban,Retired,858866,3,683,N,60+,N,High,Average
692,55,F,Mumbai,Urban,Self-Employed,751793,1,710,N,35-60,N,High,Average
693,21,F,Pune,Urban,Salaried,626284,4,610,N,18-25,N,High,Poor
694,41,M,Chennai,Urban,Salaried,1980189,2,874,Y,35-60,Y,High,Good
695,26,M,Mumbai,Urban,Salaried,568508,0,695,N,25-35,N,High,Average
696,48,F,Chennai,Rural,Salaried,691011,1,624,N,35-60,N,High,Poor
697,24,M,Delhi,Urban,Student,10677,1,598,N,18-25,N,Low,Poor
698,25,F,Pune,Rural,Salaried,1082259,0,757,Y,25-35,Y,High,Good
699,51,M,Bangalore,Urban,Self-Employed,1918462,0,900,Y,35-60,Y,High,Good
700,25,M,Bangalore,Urban,Self-Employed,2020403,3,900,Y,25-35,Y,High,Good
701,58,F,Mumbai,Urban,Salaried,476968,3,554,N,35-60,N,Medium,Poor
702,23,M,Hyderabad,Urban,Salaried,357062,4,563,N,18-25,N,Medium,Poor
703,43,F,Delhi,Rural,Salaried,1576914,1,811,Y,35-60,Y,High,Good
704,57,M,Mumbai,Urban,Salaried,1035122,2,693,N,35-60,N,High,Average
705,57,F,Hyderabad,Urban,Salaried,969221,2,699,N,35-60,N,High,Average
706,30,F,Chennai,Urban,Salaried,1576485,2,776,Y,25-35,Y,High,Good
707,30,M,Delhi,Urban,Salaried,806995,0,723,N,25-35,N,High,Average
708,39,F,Chennai,Urban,Salaried,388302,3,578,N,35-60,N,Medium,Poor
709,37,M,Pune,Urban,Salaried,1936792,1,900,Y,35-60,Y,High,Good
710,41,M,Delhi,Semi-Urban,Salaried,1333224,0,784,Y,35-60,Y,High,Good
711,34,M,Hyderabad,Urban,Self-Employed,815635,3,619,N,25-35,N,High,Poor
712,29,F,Pune,Urban,Self-Employed,777409,3,663,N,25-35,N,High,Average
713,21,F,Bangalore,Urban,Salaried,383793,1,594,N,18-25,N,Medium,Poor
714,33,M,Hyderabad,Urban,Salaried,1901028,1,900,Y,25-35,Y,High,Good
715,24,M,Mumbai,Rural,Self-Employed,537635,1,657,N,18-25,N,High,Average
716,21,F,Bangalore,Urban,Salaried,883510,0,756,Y,18-25,Y,High,Good
717,60,M,Bangalore,Urban,Self-Employed,778036,4,613,N,60+,N,High,Poor
718,52,M,Mumbai,Semi-Urban,Salaried,1899417,1,894,Y,35-60,Y,High,Good
719,54,F,Delhi,Urban,Salaried,1465123,4,752,Y,35-60,Y,High,Good
720,48,M,Bangalore,Urban,Salaried,884668,0,720,N,35-60,N,High,Average
721,51,F,Hyderabad,Rural,Salaried,344331,4,491,N,35-60,N,Medium,Poor
722,28,M,Pune,Semi-Urban,Salaried,1051393,2,694,N,25-35,N,High,Average
723,59,F,Bangalore,Rural,Salaried,1314348,4,750,N,35-60,N,High,Good
724,46,M,Hyderabad,Urban,Self-Employed,1943481,1,897,Y,35-60,Y,High,Good
725,21,M,Chennai,Urban,Student,3307,1,592,N,18-25,N,Low,Poor
726,23,F,Hyderabad,Urban,Salaried,1264190,1,799,Y,18-25,Y,High,Good
727,32,M,Pune,Urban,Self-Employed,850198,2,717,N,25-35,N,High,Average
728,21,F,Hyderabad,Semi-Urban,Salaried,697891,1,647,N,18-25,N,High,Poor
729,64,M,Mumbai,Urban,Retired,1284210,1,808,Y,60+,Y,High,Good
730,25,F,Pune,Semi-Urban,Self-Employed,750201,1,697,N,25-35,N,High,Average
731,50,F,Delhi,Semi-Urban,Salaried,1850813,3,860,Y,35-60,Y,High,Good
732,50,F,Chennai,Urban,Salaried,1341566,2,751,Y,35-60,Y,High,Good
733,37,F,Mumbai,Urban,Salaried,1344863,1,761,Y,35-60,Y,High,Good
734,43,M,Delhi,Semi-Urban,Salaried,1031576,1,754,Y,35-60,Y,High,Good
735,25,M,Hyderabad,Urban,Student,11891,1,509,N,25-35,N,Low,Poor
736,18,F,Pune,Semi-Urban,Student,10256,1,561,N,18-25,N,Low,Poor
737,41,F,Chennai,Urban,Self-Employed,1137198,3,723,N,35-60,N,High,Average
738,34,F,Mumbai,Urban,Self-Employed,1869282,0,900,Y,25-35,Y,High,Good
739,22,M,Delhi,Urban,Salaried,1636926,3,778,Y,18-25,Y,High,Good
740,31,M,Delhi,Rural,Salaried,1370913,1,835,Y,25-35,Y,High,Good
741,59,M,Chennai,Urban,Salaried,1500314,2,776,Y,35-60,Y,High,Good
742,58,M,Hyderabad,Urban,Salaried,547667,4,558,N,35-60,N,High,Poor
743,54,F,Chennai,Urban,Salaried,956521,4,698,N,35-60,N,High,Average
744,58,F,Delhi,Semi-Urban,Unemployed,100667,1,574,N,35-60,N,Medium,Poor
745,54,F,Bangalore,Semi-Urban,Salaried,1700791,0,900,Y,35-60,Y,High,Good
746,38,M,Mumbai,Urban,Salaried,1446640,2,771,Y,35-60,Y,High,Good
747,50,M,Chennai,Urban,Salaried,1256255,3,771,Y,35-60,Y,High,Good
748,35,M,Delhi,Semi-Urban,Salaried,1717231,1,823,Y,35-60,Y,High,Good
749,47,F,Hyderabad,Urban,Self-Employed,1781181,2,894,Y,35-60,Y,High,Good
750,54,F,Delhi,Semi-Urban,Salaried,707974,2,632,N,35-60,N,High,Poor
751,58,M,Hyderabad,Urban,Salaried,1807572,3,809,Y,35-60,Y,High,Good
752,53,F,Chennai,Rural,Self-Employed,383248,2,550,N,35-60,N,Medium,Poor
753,44,M,Hyderabad,Semi-Urban,Salaried,1451882,0,817,Y,35-60,Y,High,Good
754,35,M,Pune,Rural,Salaried,464726,0,615,N,35-60,N,Medium,Poor
755,50,F,Pune,Urban,Self-Employed,1194131,0,797,Y,35-60,Y,High,Good
756,62,M,Pune,Urban,Retired,950270,2,684,N,60+,N,High,Average
757,37,F,Bangalore,Urban,Salaried,390417,0,663,N,35-60,N,Medium,Average
758,25,M,Chennai,Urban,Self-Employed,678638,3,601,N,25-35,N,High,Poor
759,49,F,Delhi,Urban,Self-Employed,1310560,2,804,Y,35-60,Y,High,Good
760,24,F,Delhi,Urban,Salaried,1437888,4,782,Y,18-25,Y,High,Good
761,30,F,Bangalore,Semi-Urban,Unemployed,83291,2,495,N,25-35,N,Low,Poor
762,37,M,Hyderabad,Urban,Self-Employed,774608,3,658,N,35-60,N,High,Average
763,30,M,Bangalore,Urban,Self-Employed,1785963,4,861,Y,25-35,Y,High,Good
764,37,F,Hyderabad,Semi-Urban,Self-Employed,2173782,2,900,Y,35-60,Y,High,Good
765,40,F,Hyderabad,Urban,Salaried,715105,0,643,N,35-60,N,High,Poor
766,44,M,Mumbai,Urban,Salaried,1708791,1,830,Y,35-60,Y,High,Good
767,25,M,Delhi,Rural,Salaried,1603659,1,846,Y,25-35,Y,High,Good
768,54,M,Pune,Rural,Salaried,1303466,0,818,Y,35-60,Y,High,Good
769,26,F,Hyderabad,Urban,Salaried,934151,1,761,Y,25-35,Y,High,Good
770,23,M,Mumbai,Urban,Student,16629,0,559,N,18-25,N,Low,Poor
771,33,M,Delhi,Semi-Urban,Self-Employed,296250,0,644,N,25-35,N,Medium,Poor
772,63,F,Pune,Urban,Retired,1191372,0,755,Y,60+,Y,High,Good
773,20,M,Hyderabad,Urban,Student,17527,0,523,N,18-25,N,Low,Poor
774,31,M,Hyderabad,Urban,Self-Employed,725147,2,636,N,25-35,N,High,Poor
775,43,M,Bangalore,Urban,Salaried,1220041,0,770,Y,35-60,Y,High,Good
776,36,F,Bangalore,Urban,Salaried,315216,3,594,N,35-60,N,Medium,Poor
777,51,F,Delhi,Urban,Salaried,646293,1,626,N,35-60,N,High,Poor
778,31,F,Pune,Semi-Urban,Self-Employed,1126336,2,723,N,25-35,N,High,Average
779,36,F,Hyderabad,Rural,Salaried,445281,1,617,N,35-60,N,Medium,Poor
780,28,F,Delhi,Urban,Self-Employed,953803,4,702,N,25-35,N,High,Average
781,24,F,Delhi,Semi-Urban,Salaried,1887893,0,900,Y,18-25,Y,High,Good
782,60,F,Chennai,Rural,Self-Employed,1759405,3,834,Y,60+,Y,High,Good
783,24,M,Bangalore,Urban,Self-Employed,984803,4,687,N,18-25,N,High,Average
784,45,M,Pune,Urban,Self-Employed,364456,4,545,N,35-60,N,Medium,Poor
785,23,F,Hyderabad,Semi-Urban,Unemployed,62559,4,526,N,18-25,N,Low,Poor
786,52,M,Delhi,Urban,Self-Employed,1106841,0,754,Y,35-60,Y,High,Good
787,20,M,Hyderabad,Semi-Urban,Student,3967,1,567,N,18-25,N,Low,Poor
788,24,F,Chennai,Urban,Student,12677,0,551,N,18-25,N,Low,Poor
789,49,M,Pune,Rural,Self-Employed,1668060,2,810,Y,35-60,Y,High,Good
790,52,M,Delhi,Urban,Self-Employed,283783,4,513,N,35-60,N,Medium,Poor
791,39,M,Hyderabad,Urban,Salaried,334152,4,544,N,35-60,N,Medium,Poor
792,41,M,Bangalore,Semi-Urban,Salaried,1931605,3,834,Y,35-60,Y,High,Good
793,25,M,Chennai,Urban,Salaried,744718,2,680,N,25-35,N,High,Average
794,38,F,Pune,Urban,Salaried,1901956,4,871,Y,35-60,Y,High,Good
795,48,F,Chennai,Urban,Salaried,448725,1,619,N,35-60,N,Medium,Poor
796,62,F,Bangalore,Urban,Retired,86483,3,491,N,60+,N,Low,Poor
797,21,M,Pune,Urban,Student,18233,0,615,N,18-25,N,Low,Poor
798,41,F,Chennai,Rural,Self-Employed,571898,3,558,N,35-60,N,High,Poor
799,26,M,Mumbai,Urban,Salaried,985338,1,690,N,25-35,N,High,Average
800,21,M,Bangalore,Semi-Urban,Salaried,1436168,2,838,Y,18-25,Y,High,Good
801,25,M,Bangalore,Semi-Urban,Salaried,1705263,0,870,Y,25-35,Y,High,Good
802,61,M,Bangalore,Rural,Retired,343169,0,571,N,60+,N,Medium,Poor
803,32,F,Mumbai,Urban,Salaried,1790079,2,856,Y,25-35,Y,High,Good
804,46,F,Mumbai,Rural,Salaried,354745,3,593,N,35-60,N,Medium,Poor
805,22,M,Hyderabad,Urban,Student,15058,0,515,N,18-25,N,Low,Poor
806,34,F,Delhi,Semi-Urban,Self-Employed,888273,3,641,N,25-35,N,High,Poor
807,46,M,Chennai,Semi-Urban,Salaried,1338347,1,774,Y,35-60,Y,High,Good
808,47,F,Hyderabad,Semi-Urban,Salaried,321067,4,559,N,35-60,N,Medium,Poor
809,29,F,Chennai,Urban,Salaried,351033,3,575,N,25-35,N,Medium,Poor
810,46,M,Delhi,Semi-Urban,Salaried,345256,2,606,N,35-60,N,Medium,Poor
811,24,F,Mumbai,Urban,Student,1142,1,528,N,18-25,N,Low,Poor
812,50,M,Delhi,Semi-Urban,Salaried,1552390,1,820,Y,35-60,Y,High,Good
813,63,F,Mumbai,Rural,Retired,418843,1,585,N,60+,N,Medium,Poor
814,37,M,Delhi,Urban,Salaried,779809,4,622,N,35-60,N,High,Poor
815,46,M,Hyderabad,Rural,Salaried,853280,0,689,N,35-60,N,High,Average
816,56,F,Pune,Urban,Salaried,1561179,4,769,Y,35-60,Y,High,Good
817,21,F,Hyderabad,Urban,Self-Employed,2017413,3,897,Y,18-25,Y,High,Good
818,28,M,Chennai,Urban,Self-Employed,394282,0,645,N,25-35,N,Medium,Poor
819,55,F,Hyderabad,Urban,Salaried,776545,3,673,N,35-60,N,High,Average
820,35,F,Bangalore,Semi-Urban,Salaried,1374846,0,861,Y,35-60,Y,High,Good
821,42,M,Chennai,Urban,Salaried,1803800,4,868,Y,35-60,Y,High,Good
822,25,M,Delhi,Urban,Student,2899,1,517,N,25-35,N,Low,Poor
823,46,F,Chennai,Rural,Salaried,831740,2,632,N,35-60,N,High,Poor
824,48,M,Pune,Semi-Urban,Salaried,1652206,1,866,Y,35-60,Y,High,Good
825,43,M,Mumbai,Semi-Urban,Salaried,1363435,4,786,Y,35-60,Y,High,Good
826,34,M,Delhi,Rural,Salaried,1244740,0,759,Y,25-35,Y,High,Good
827,44,F,Chennai,Semi-Urban,Salaried,1249403,1,733,N,35-60,N,High,Average
828,22,F,Delhi,Urban,Salaried,1904947,4,849,Y,18-25,Y,High,Good
829,46,M,Delhi,Urban,Salaried,1460038,3,773,Y,35-60,Y,High,Good
830,19,F,Delhi,Semi-Urban,Student,9383,0,510,N,18-25,N,Low,Poor
831,27,M,Mumbai,Urban,Salaried,549737,1,606,N,25-35,N,High,Poor
832,19,F,Hyderabad,Semi-Urban,Student,12492,1,578,N,18-25,N,Low,Poor
833,43,M,Delhi,Urban,Salaried,442157,3,601,N,35-60,N,Medium,Poor
834,20,M,Bangalore,Urban,Student,16819,1,525,N,18-25,N,Low,Poor
835,38,F,Pune,Urban,Self-Employed,843805,2,721,N,35-60,N,High,Average
836,58,M,Mumbai,Semi-Urban,Salaried,1484895,0,812,Y,35-60,Y,High,Good
837,19,F,Chennai,Urban,Student,14076,1,525,N,18-25,N,Low,Poor
838,35,F,Mumbai,Semi-Urban,Salaried,1762603,4,842,Y,35-60,Y,High,Good
839,21,M,Chennai,Urban,Student,15440,0,578,N,18-25,N,Low,Poor
840,57,M,Mumbai,Urban,Salaried,436645,1,607,N,35-60,N,Medium,Poor
841,48,F,Chennai,Rural,Salaried,1860611,0,900,Y,35-60,Y,High,Good
842,30,M,Delhi,Semi-Urban,Salaried,1342092,4,721,N,25-35,N,High,Average
843,59,M,Hyderabad,Urban,Unemployed,79267,1,564,N,35-60,N,Low,Poor
844,37,M,Chennai,Semi-Urban,Salaried,1486837,2,801,Y,35-60,Y,High,Good
845,59,M,Chennai,Urban,Salaried,642221,2,645,N,35-60,N,High,Poor
846,42,M,Bangalore,Urban,Self-Employed,1429580,4,755,Y,35-60,Y,High,Good
847,46,F,Chennai,Urban,Self-Employed,303687,1,573,N,35-60,N,Medium,Poor
848,64,F,Bangalore,Semi-Urban,Retired,1154744,0,773,Y,60+,Y,High,Good
849,45,M,Pune,Semi-Urban,Salaried,1456191,0,805,Y,35-60,Y,High,Good
850,37,M,Delhi,Urban,Salaried,693120,0,715,N,35-60,N,High,Average
851,33,M,Bangalore,Rural,Salaried,851852,2,699,N,25-35,N,High,Average
852,40,F,Hyderabad,Urban,Salaried,1279091,1,784,Y,35-60,Y,High,Good
853,19,M,Delhi,Urban,Student,14511,0,522,N,18-25,N,Low,Poor
854,24,F,Bangalore,Urban,Salaried,904453,2,706,N,18-25,N,High,Average
855,30,F,Delhi,Urban,Self-Employed,832111,0,668,N,25-35,N,High,Average
856,23,F,Delhi,Urban,Salaried,833903,0,751,Y,18-25,Y,High,Good
857,61,M,Delhi,Urban,Retired,806554,4,666,N,60+,N,High,Average
858,38,F,Pune,Semi-Urban,Salaried,1216931,3,756,Y,35-60,Y,High,Good
859,56,M,Hyderabad,Urban,Salaried,900724,1,710,N,35-60,N,High,Average
860,42,F,Mumbai,Urban,Self-Employed,2301789,1,900,Y,35-60,Y,High,Good
861,25,M,Mumbai,Urban,Student,18124,0,580,N,25-35,N,Low,Poor
862,28,F,Bangalore,Urban,Salaried,540011,3,640,N,25-35,N,High,Poor
863,60,M,Delhi,Urban,Unemployed,72684,4,481,N,60+,N,Low,Poor
864,21,F,Bangalore,Semi-Urban,Student,15145,1,481,N,18-25,N,Low,Poor
865,39,M,Pune,Urban,Salaried,1565197,0,819,Y,35-60,Y,High,Good
866,62,M,Pune,Semi-Urban,Retired,2080288,0,900,Y,60+,Y,High,Good
867,61,M,Chennai,Rural,Retired,1247509,1,794,Y,60+,Y,High,Good
868,57,M,Pune,Urban,Salaried,1906241,2,844,Y,35-60,Y,High,Good
869,26,F,Chennai,Semi-Urban,Self-Employed,1846246,1,858,Y,25-35,Y,High,Good
870,46,F,Hyderabad,Urban,Salaried,1011423,2,749,N,35-60,N,High,Average
871,54,M,Bangalore,Semi-Urban,Salaried,453466,3,546,N,35-60,N,Medium,Poor
872,26,F,Hyderabad,Urban,Self-Employed,484318,0,647,N,25-35,N,Medium,Poor
873,57,M,Pune,Urban,Salaried,672778,2,599,N,35-60,N,High,Poor
874,53,M,Hyderabad,Urban,Salaried,431936,3,608,N,35-60,N,Medium,Poor
875,25,F,Hyderabad,Urban,Student,12089,1,597,N,25-35,N,Low,Poor
876,41,M,Hyderabad,Urban,Salaried,1257726,2,806,Y,35-60,Y,High,Good
877,26,M,Pune,Urban,Salaried,947952,1,742,N,25-35,N,High,Average
878,26,F,Delhi,Urban,Self-Employed,1118277,1,711,N,25-35,N,High,Average
879,24,M,Hyderabad,Rural,Salaried,1596573,1,889,Y,18-25,Y,High,Good
880,50,M,Chennai,Semi-Urban,Salaried,1418166,3,799,Y,35-60,Y,High,Good
881,31,M,Pune,Urban,Unemployed,127775,1,587,N,25-35,N,Medium,Poor
882,50,M,Hyderabad,Urban,Self-Employed,1814371,4,802,Y,35-60,Y,High,Good
883,51,F,Delhi,Rural,Salaried,1654018,0,853,Y,35-60,Y,High,Good
884,44,F,Pune,Semi-Urban,Self-Employed,1754900,3,793,Y,35-60,Y,High,Good
885,18,F,Mumbai,Semi-Urban,Student,2425,1,522,N,18-25,N,Low,Poor
886,23,M,Delhi,Urban,Salaried,709925,0,699,N,18-25,N,High,Average
887,51,M,Chennai,Urban,Salaried,1358302,2,829,Y,35-60,Y,High,Good
888,60,F,Hyderabad,Urban,Salaried,491896,1,580,N,60+,N,Medium,Poor
889,57,M,Mumbai,Urban,Self-Employed,1339118,0,834,Y,35-60,Y,High,Good
890,56,M,Mumbai,Semi-Urban,Salaried,713461,4,601,N,35-60,N,High,Poor
891,44,M,Pune,Semi-Urban,Salaried,1383329,2,783,Y,35-60,Y,High,Good
892,19,M,Mumbai,Urban,Student,12731,1,498,N,18-25,N,Low,Poor
893,26,F,Chennai,Rural,Self-Employed,483979,0,630,N,25-35,N,Medium,Poor
894,22,F,Chennai,Urban,Salaried,908986,4,695,N,18-25,N,High,Average
895,40,F,Bangalore,Urban,Salaried,578104,0,670,N,35-60,N,High,Average
896,48,M,Chennai,Urban,Salaried,1379367,0,863,Y,35-60,Y,High,Good
897,31,F,Delhi,Rural,Salaried,1325270,4,724,N,25-35,N,High,Average
898,24,F,Mumbai,Urban,Self-Employed,2248547,0,900,Y,18-25,Y,High,Good
899,19,M,Chennai,Rural,Student,1799,0,569,N,18-25,N,Low,Poor
900,26,M,Pune,Semi-Urban,Salaried,897578,0,724,N,25-35,N,High,Average
